{"cameraMode":{"drawMode":0,"name":"Shaded","section":"Shading Mode"},"sceneLighting":true,"audioPlay":false,"sceneViewState":{"showFog":true,"showMaterialUpdate":true,"showSkybox":true,"showFlares":true,"showImageEffects":true,"showParticleSystems":true},"in2DMode":false,"pivot":{"x":-2.8027725219726564,"y":2.053401470184326,"z":-3.198021650314331},"rotation":{"x":-0.1152259036898613,"y":-0.7261941432952881,"z":0.12563598155975343,"w":-0.6660263538360596},"size":10.059971809387207,"orthographic":false}