{"cameraMode":{"drawMode":0,"name":"Shaded","section":"Shading Mode"},"sceneLighting":true,"audioPlay":false,"sceneViewState":{"showFog":true,"showMaterialUpdate":true,"showSkybox":true,"showFlares":true,"showImageEffects":true,"showParticleSystems":true},"in2DMode":false,"pivot":{"x":-2.371570110321045,"y":2.5258963108062746,"z":-0.17012573778629304},"rotation":{"x":-0.1152259036898613,"y":-0.7261941432952881,"z":0.12563598155975343,"w":-0.6660263538360596},"size":24.75395393371582,"orthographic":false}